{
    "_dXPos": 629.820556640625,
    "_dYPos": 396.9363708496094,
    "_dAPos": 0.0
}