{
    "_dXPos": 171.63600158691407,
    "_dYPos": 443.64801025390627,
    "_dAPos": 0.0
}