{
    "_dXPos": 122.43599700927736,
    "_dYPos": 443.64801025390627,
    "_dAPos": 0.0
}