{
    "_dCenterX": 642.1650390625,
    "_dCenterY": 509.5900268554688
}