{
    "_dCenterX": 641.5050048828125,
    "_dCenterY": 518.4299926757813
}