{
    "_dXPos": 642.6799926757813,
    "_dYPos": 515.6099853515625,
    "_dAPos": 90.16999816894531
}