{
    "_dXPos": 641.8699951171875,
    "_dYPos": 514.010009765625,
    "_dAPos": 90.2300033569336
}