{
    "_dXPos": 170.688720703125,
    "_dYPos": 585.1897583007813,
    "_dAPos": 0.0
}