{
    "_dXPos": 1264.1500244140625,
    "_dYPos": 955.0700073242188,
    "_dAPos": -86.05999755859375
}