{
    "_dCenterX": 1266.52490234375,
    "_dCenterY": 954.1400146484376
}