{
    "_dCenterX": 1260.260009765625,
    "_dCenterY": 960.780029296875
}