{
    "_dXPos": 1262.0999755859375,
    "_dYPos": 960.1400146484376,
    "_dAPos": -93.0199966430664
}