{
    "_dCenterX": 1262.679931640625,
    "_dCenterY": 956.2650146484376
}