{
    "_dCenterX": 1264.22998046875,
    "_dCenterY": 959.2750244140624
}