{
    "_dXPos": 1258.9300537109375,
    "_dYPos": 959.6099853515624,
    "_dAPos": -89.9800033569336
}