{
    "_dCenterX": 1263.2449951171875,
    "_dCenterY": 963.6799926757813
}