{
    "_dXPos": 1262.280029296875,
    "_dYPos": 962.8499755859376,
    "_dAPos": -77.91000366210938
}