{
    "_dCenterX": 1264.31005859375,
    "_dCenterY": 952.010009765625
}