{
    "_dXPos": 1267.2099609375,
    "_dYPos": 957.9500122070313,
    "_dAPos": -89.7699966430664
}