{
    "_dXPos": 1257.199951171875,
    "_dYPos": 961.9199829101564,
    "_dAPos": -90.08000183105468
}