{
    "_dP2Length": 274.6494445800781,
    "_dAglOffset": 0.5941562652587891,
    "_strHostScaraTransName": "scara"
}