{
    "_dXPos": -425.25555419921877,
    "_dYPos": 184.62460327148438,
    "_dAPos": 0.0
}