{
    "_dP2Length": 275.3822937011719,
    "_dAglOffset": -25.98659896850586,
    "_strHostScaraTransName": "scara"
}